{
    "BLEU-1": 0.5930318754633062,
    "BLEU-2": 0.43743177055683086,
    "METEOR": 0.39400107855451877,
    "ROUGE-L": 0.45926087227002826
}